{"cameraMode":{"drawMode":0,"name":"Shaded","section":"Shading Mode"},"sceneLighting":false,"audioPlay":false,"sceneViewState":{"showFog":true,"showMaterialUpdate":false,"showSkybox":false,"showFlares":true,"showImageEffects":true,"showParticleSystems":true},"in2DMode":false,"pivot":{"x":17.46025848388672,"y":0.8660761713981628,"z":66.73817443847656},"rotation":{"x":-0.11970490217208862,"y":-0.6136329770088196,"z":0.09482313692569733,"w":-0.7746987342834473},"size":1.0519886016845704,"orthographic":false}