{"cameraMode":{"drawMode":0,"name":"Shaded","section":"Shading Mode"},"sceneLighting":false,"audioPlay":false,"sceneViewState":{"showFog":true,"showMaterialUpdate":false,"showSkybox":false,"showFlares":true,"showImageEffects":true,"showParticleSystems":true},"in2DMode":false,"pivot":{"x":-8.430328369140625,"y":1.0,"z":-5.286537170410156},"rotation":{"x":-0.32856836915016177,"y":-0.010768887586891652,"z":0.003746714675799012,"w":-0.9444127082824707},"size":0.708872377872467,"orthographic":false}